TAG, LENGTH, PHI, COLLIMATOR_LENGTH, COLLIMATOR_AREA, EVENT_NUM, EEM, EEM_ERROR, EAM, EAM_ERROR, EAE, EAE_ERROR, DOUBLE, DOUBLE_ERROR
L1REFAX, 1, 11, 1, 95.03, 2580000, 207894, 455.954, 838315, 915.595, 735915, 857.855, 6123, 78.2496
L1REFAO, 1, 11, 1, 95.03, 2580000, 304, 17.4356, 0, 0, 0, 0, 0, 0
L1F7AX, 1, 7, 1, 36, 2580000, 149168, 386.223, 673790, 820.847, 625519, 790.898, 5916, 76.9155
L1F7AO, 1, 7, 1, 36, 2580000, 311, 17.6352, 0, 0, 0, 0, 0, 0
L1F4AX, 1, 4, 1, 10.5, 3096000, 62805.8, 208.842, 274928, 436.946, 258745, 423.892, 2052.5, 37.7538
L1F4AO, 1, 4, 1, 10.5, 3096000, 285.833, 14.0888, 0, 0, 0, 0, 0, 0
L1F3AX, 1, 3, 1, 4.6, 7224000, 23150.7, 54.3406, 97716.1, 111.641, 89341.8, 106.75, 359.643, 6.77295
L1F3AO, 1, 3, 1, 4.6, 7224000, 310.714, 6.29539, 0, 0, 0, 0, 0, 0
L1F4AX_DX100, 1, 4, 1, 10.5, 258000, 350, 187.083, 0, 0, 0, 0, 0, 0
